Symbol,Name,Last Sale,Net Change,% Change,Market Cap,Country,IPO Year,Volume,Sector,Industry
A,Agilent Technologies Inc. Common Stock,$145.68,2.68,1.874%,41300342205.00,United States,1999,1658454,Industrials,Biotechnology: Laboratory Analytical Instruments
ABBV,AbbVie Inc. Common Stock,$231.39,-0.67,-0.289%,408763914162.00,United States,2012,3298131,Health Care,Biotechnology: Pharmaceutical Preparations
ABT,Abbott Laboratories Common Stock,$127.54,-1.97,-1.521%,221978142646.00,United States,,4934677,Health Care,Biotechnology: Pharmaceutical Preparations
ACI,Albertsons Companies Inc. Class A Common Stock,$19.34,-0.32,-1.628%,10623607630.00,United States,2020,10815270,Consumer Staples,Food Chains
ACM,AECOM Common Stock,$134.22,0.57,0.426%,17776915676.00,United States,2007,589538,Consumer Discretionary,Military/Government/Technical
ADM,Archer-Daniels-Midland Company Common Stock,$61.72,-1.47,-2.326%,29654267891.00,United States,,2822682,Consumer Staples,Packaged Foods
AEE,Ameren Corporation Common Stock,$104.92,-0.77,-0.729%,28371408597.00,United States,,890109,Utilities,Power Generation
AES,The AES Corporation Common Stock,$14.32,-0.08,-0.556%,10196549756.00,United States,,4900938,Utilities,Electric Utilities: Central
AFG,American Financial Group Inc. Common Stock,$130.94,0.37,0.283%,10919673080.00,United States,,471993,Finance,Property-Casualty Insurers
AFL,AFLAC Incorporated Common Stock,$108.18,-0.59,-0.542%,57858070588.00,United States,,2172425,Finance,Accident &Health Insurance
AIG,American International Group Inc. New Common Stock,$78.38,0.69,0.888%,43422821763.00,United States,,2643275,Finance,Life Insurance
AIZ,Assurant Inc. Common Stock,$210.84,1.69,0.808%,10638820047.00,United States,2004,172378,Finance,Property-Casualty Insurers
AJG,Arthur J. Gallagher & Co. Common Stock,$279.01,-0.25,-0.09%,71538164000.00,United States,,1424058,Finance,Specialty Insurers
ALB,Albemarle Corporation Common Stock,$91.34,-4.80,-4.993%,10749159009.00,United States,,2486929,Industrials,Major Chemicals
ALL,Allstate Corporation (The) Common Stock,$193.74,-0.05,-0.026%,51051523409.00,United States,,1240990,Finance,Property-Casualty Insurers
ALLE,Allegion plc Ordinary Shares,$179.47,1.50,0.843%,15406874944.00,United States,2013,797939,Consumer Discretionary,Diversified Commercial Services
ALLY,Ally Financial Inc. Common Stock,$40.98,0.48,1.185%,12613973110.00,United States,2014,2995293,Finance,Major Banks
AME,AMETEK Inc.,$188.30,0.91,0.486%,43488630668.00,United States,,691288,Industrials,Industrial Machinery/Components
AMH,American Homes 4 Rent Common Shares of Beneficial Interest,$33.11,0.24,0.73%,12280842119.00,United States,2013,2536704,Real Estate,Real Estate Investment Trusts
AMP,Ameriprise Financial Inc. Common Stock,$479.36,6.68,1.413%,45190017398.00,United States,,532533,Finance,Investment Managers
AMT,American Tower Corporation (REIT) Common Stock,$192.37,-0.71,-0.368%,90077488153.00,United States,,1749692,Real Estate,Real Estate Investment Trusts
ANET,Arista Networks Inc. Common Stock,$145.94,-0.54,-0.369%,183426933703.00,United States,,3648908,Telecommunications,Computer Communications Equipment
AON,Aon plc Class A Ordinary Shares (Ireland),$343.43,-0.68,-0.198%,74052642208.00,United States,,981539,Finance,Specialty Insurers
APD,Air Products and Chemicals Inc. Common Stock,$254.71,0.50,0.197%,56686637644.00,United States,,1058772,Basic Materials,Major Chemicals
APG,APi Group Corporation Common Stock,$34.96,0.14,0.402%,14539461156.00,United States,2020,2073163,Consumer Discretionary,Engineering & Construction
APH,Amphenol Corporation Common Stock,$124.44,-3.23,-2.53%,151931423053.00,United States,,7927159,Technology,Electrical Products
APO,Apollo Global Management Inc. (New) Common Stock,$125.98,0.79,0.631%,72063928075.00,United States,,3605019,Finance,Investment Managers
APOS,Apollo Global Management Inc. 7.625% Fixed-Rate Resettable Junior Subordinated Notes due 2053,$26.32,0.02,0.076%,14990142013.00,United States,1987,18478,Finance,Investment Managers
AQNB,Algonquin Power & Utilities Corp. 6.20% Fixed-to-Floating Subordinated Notes Series 2019-A due July 1 2079,$25.84,-0.043,-0.166%,19845766026.00,United States,2019,6877,Utilities,Electric Utilities: Central
AR,Antero Resources Corporation Common Stock,$32.51,0.66,2.072%,10043346810.00,United States,2013,4100495,Energy,Oil & Gas Production
ARE,Alexandria Real Estate Equities Inc. Common Stock,$76.79,0.06,0.078%,13281517617.00,United States,,1329056,Real Estate,Real Estate Investment Trusts
ARES,Ares Management Corporation Class A Common Stock,$150.11,3.50,2.387%,49042133827.00,United States,2014,1844643,Finance,Investment Managers
ARMK,Aramark Common Stock,$39.96,1.20,3.096%,10503522284.00,United States,2013,1858143,Consumer Discretionary,Restaurants
ATI,ATI Inc. Common Stock,$84.32,2.91,3.574%,11622005370.00,United States,,1525864,Industrials,Steel/Iron Ore
ATO,Atmos Energy Corporation Common Stock,$177.04,-0.70,-0.394%,28419093010.00,United States,,692274,Utilities,Oil/Gas Transmission
AVB,AvalonBay Communities Inc. Common Stock,$187.12,0.07,0.037%,26642711077.00,United States,,864238,Real Estate,Real Estate Investment Trusts
AVTR,Avantor Inc. Common Stock,$15.60,0.42,2.767%,10635123330.00,United States,2019,11737578,Industrials,Biotechnology: Laboratory Analytical Instruments
AVY,Avery Dennison Corporation Common Stock,$163.53,3.28,2.047%,12752330067.00,United States,,1112508,Consumer Discretionary,Containers/Packaging
AWK,American Water Works Company Inc. Common Stock,$144.16,-1.27,-0.873%,28125409275.00,United States,2008,1096221,Utilities,Water Supply
AXP,American Express Company Common Stock,$355.22,5.74,1.642%,244693884179.00,United States,,2658399,Finance,Finance: Consumer Services
AYI,Acuity Inc. Common Stock,$364.93,0.57,0.156%,11183218542.00,United States,,217428,Consumer Discretionary,Building Products
AZO,AutoZone Inc. Common Stock,$4006.21,37.64,0.948%,67018741314.00,United States,,102701,Consumer Discretionary,Auto & Home Supply Stores
BA,Boeing Company (The) Common Stock,$217.26,0.44,0.203%,164282820816.00,United States,,4209532,Industrials,Aerospace
BAC,Bank of America Corporation Common Stock,$51.52,-0.52,-0.999%,381605925514.00,United States,,27303428,Finance,Major Banks
BAH,Booz Allen Hamilton Holding Corporation Common Stock,$100.65,-0.30,-0.297%,12404980246.00,United States,2010,1394605,Consumer Discretionary,Professional Services
BALL,Ball Corporation Common Stock,$49.34,0.63,1.293%,13427826479.00,United States,,2534592,Industrials,Containers/Packaging
BAX,Baxter International Inc. Common Stock,$22.75,-0.38,-1.643%,11684879138.00,United States,,6574549,Health Care,Medical/Dental Instruments
BBY,Best Buy Co. Inc. Common Stock,$82.66,1.65,2.037%,17366970565.00,United States,,3971215,Consumer Discretionary,Consumer Electronics/Video Chains
BDX,Becton Dickinson and Company Common Stock,$189.03,-1.97,-1.031%,54181190465.00,United States,,2280150,Health Care,Medical/Dental Instruments
BE,Bloom Energy Corporation Class A Common Stock,$104.38,-4.68,-4.291%,24424708109.00,United States,2018,9655146,Energy,Industrial Machinery/Components
BEN,Franklin Resources Inc. Common Stock,$22.65,0.00,0.00%,11759777509.00,United States,,2139003,Finance,Investment Managers
BEPC,Brookfield Renewable Corporation Brookfield Renewable Corporation Class A Subordinate Voting Shares,$39.45,-0.96,-2.376%,14758319561.00,United States,,696422,Utilities,Electric Utilities: Central
BG,Bunge Limited Common Shares,$94.73,-2.52,-2.591%,18951874965.00,United States,,1884604,Consumer Staples,Packaged Foods
BJ,BJ's Wholesale Club Holdings Inc. Common Stock,$94.01,0.09,0.096%,12386135066.00,United States,2018,1277281,Consumer Discretionary,Department/Specialty Retail Stores
BK,The Bank of New York Mellon Corporation Common Stock,$107.00,-1.50,-1.382%,75460767312.00,United States,,4875331,Finance,Major Banks
BLD,TopBuild Corp. Common Stock,$448.08,7.40,1.679%,12608447394.00,United States,2015,317659,Consumer Discretionary,Engineering & Construction
BLDR,Builders FirstSource Inc. Common Stock,$125.68,3.22,2.629%,13893538288.00,United States,2005,1482115,Consumer Discretionary,RETAIL: Building Materials
BLK,BlackRock Inc. Common Stock,$1130.00,-30.00,-2.586%,174984270810.00,United States,1999,1052402,Finance,Investment Bankers/Brokers/Service
BMY,Bristol-Myers Squibb Company Common Stock,$44.54,0.95,2.179%,90658312225.00,United States,,16468536,Health Care,Biotechnology: Pharmaceutical Preparations
BR,Broadridge Financial Solutions Inc. Common Stock,$232.32,1.64,0.711%,27211483622.00,United States,,356552,Real Estate,Real Estate
BRK/A,Berkshire Hathaway Inc.,$736600.010000000009,-3999.99,-0.54%,1083445803109.00,United States,,179,,
BRK/B,Berkshire Hathaway Inc.,$491.29,-2.79,-0.565%,1083938713459.00,United States,,2714528,,
BRO,Brown & Brown Inc. Common Stock,$88.28,0.76,0.868%,29118523443.00,United States,,3970783,Finance,Specialty Insurers
BSX,Boston Scientific Corporation Common Stock,$99.90,-0.63,-0.627%,148026988237.00,United States,,8955862,Health Care,Medical/Dental Instruments
BURL,Burlington Stores Inc. Common Stock,$266.68,-0.59,-0.221%,16810178067.00,United States,2013,859633,Consumer Discretionary,Department/Specialty Retail Stores
BWXT,BWX Technologies Inc. Common Stock,$205.24,-2.48,-1.194%,18758677398.00,United States,,1422020,Industrials,Industrial Machinery/Components
BX,Blackstone Inc. Common Stock,$161.43,0.99,0.617%,118988707965.00,United States,2007,2440599,Finance,Investment Managers
BXP,BXP Inc. Common Stock,$71.97,1.30,1.84%,11398285815.00,United States,1997,1938540,Real Estate,Real Estate Investment Trusts
C,Citigroup Inc. Common Stock,$98.25,-1.05,-1.057%,180868218479.00,United States,,9150051,Finance,Major Banks
CACI,CACI International Inc. Class A Common Stock,$533.69,6.85,1.30%,11737681662.00,United States,,285711,Technology,EDP Services
CAH,Cardinal Health Inc. Common Stock,$158.68,1.41,0.897%,37891775906.00,United States,,1776831,Health Care,Other Pharmaceuticals
CARR,Carrier Global Corporation Common Stock ,$59.82,2.15,3.728%,50908186109.00,United States,2020,5984861,Industrials,Industrial Machinery/Components
CAT,Caterpillar Inc. Common Stock,$524.65,-6.53,-1.229%,245787466952.00,United States,,2259080,Industrials,Construction/Ag Equipment/Trucks
CBRE,CBRE Group Inc Common Stock Class A,$160.88,1.00,0.625%,47870539806.00,United States,,1289716,Finance,Real Estate
CCI,Crown Castle Inc. Common Stock,$98.65,-0.22,-0.223%,42959121518.00,United States,,1804889,Real Estate,Real Estate Investment Trusts
CCK,Crown Holdings Inc.,$99.60,5.19,5.497%,11591009162.00,United States,,2437083,Industrials,Containers/Packaging
CCL,Carnival Corporation Common Stock,$29.97,1.11,3.846%,40640066613.00,United States,1987,19411359,Consumer Discretionary,Marine Transportation
CCZ,Comcast Holdings ZONES,$59.00,0.00,0.00%,217840183618.00,United States,,6,Telecommunications,Cable & Other Pay Television Services
CDE,Coeur Mining Inc. Common Stock,$18.48,-3.55,-16.114%,11877386025.00,United States,,23598472,Basic Materials,Precious Metals
CF,CF Industries Holdings Inc. Common Stock,$83.29,-0.64,-0.763%,13490727422.00,United States,2005,2617586,Industrials,Agricultural Chemicals
CFG,Citizens Financial Group Inc. Common Stock,$50.83,0.54,1.074%,21925469111.00,United States,2014,3960283,Finance,Major Banks
CHD,Church & Dwight Company Inc. Common Stock,$87.99,-0.09,-0.102%,21435129073.00,United States,,2228543,Consumer Discretionary,Package Goods/Cosmetics
CHWY,Chewy Inc. Class A Common Stock,$36.98,-0.48,-1.281%,15340042269.00,United States,2019,5012276,Consumer Discretionary,Catalog/Specialty Distribution
CI,The Cigna Group Common Stock,$307.50,0.66,0.215%,82080383063.00,United States,,1381152,Health Care,Medical Specialities
CIEN,Ciena Corporation Common Stock,$169.71,-3.41,-1.97%,23938598147.00,United States,1997,2083714,Utilities,Telecommunications Equipment
CL,Colgate-Palmolive Company Common Stock,$78.62,-0.13,-0.165%,63542320475.00,United States,,4447176,Consumer Discretionary,Package Goods/Cosmetics
CLH,Clean Harbors Inc. Common Stock,$239.44,-3.94,-1.619%,12841791420.00,United States,,330417,Industrials,Environmental Services
CLX,Clorox Company (The) Common Stock,$119.89,0.30,0.251%,14663675644.00,United States,,1505339,Consumer Discretionary,Specialty Chemicals
CMG,Chipotle Mexican Grill Inc. Common Stock,$42.36,0.73,1.754%,56799888600.00,United States,2006,12065932,Consumer Discretionary,Restaurants
CMI,Cummins Inc. Common Stock,$417.97,3.96,0.956%,57590430303.00,United States,,1106964,Industrials,Industrial Machinery/Components
CMS,CMS Energy Corporation Common Stock,$74.54,-0.55,-0.732%,22312465263.00,United States,,1613129,Utilities,Power Generation
CNA,CNA Financial Corporation Common Stock,$45.71,0.13,0.285%,12372115388.00,United States,,227434,Finance,Property-Casualty Insurers
CNC,Centene Corporation Common Stock,$36.10,0.49,1.376%,17729901300.00,United States,,8230570,Health Care,Medical Specialities
CNM,Core & Main Inc. Class A Common Stock,$53.83,1.21,2.30%,10627390172.00,United States,2021,1759064,Consumer Discretionary,Durable Goods
CNP,CenterPoint Energy Inc (Holding Co) Common Stock,$40.03,-0.19,-0.472%,26134181066.00,United States,,4157344,Utilities,Electric Utilities: Central
COF,Capital One Financial Corporation Common Stock,$217.05,2.18,1.015%,138807231267.00,United States,1994,5354142,Finance,Major Banks
COHR,Coherent Corp. Common Stock,$120.79,0.59,0.491%,18819743204.00,United States,,2993421,Technology,Electronic Components
COP,ConocoPhillips Common Stock,$86.41,-0.65,-0.747%,107921105094.00,United States,,5895521,Energy,Integrated oil Companies
COR,Cencora Inc. Common Stock,$328.82,1.43,0.437%,63750924830.00,United States,,972215,Health Care,Other Pharmaceuticals
CPAY,Corpay Inc. Common Stock,$287.44,1.39,0.486%,20297398250.00,United States,,354359,Real Estate,Real Estate
CPNG,Coupang Inc. Class A Common Stock,$31.43,-0.26,-0.82%,57298939959.00,United States,2021,4072583,Consumer Discretionary,Catalog/Specialty Distribution
CPT,Camden Property Trust Common Stock,$103.42,0.33,0.32%,11050709026.00,United States,1993,546524,Real Estate,Real Estate Investment Trusts
CQP,Cheniere Energy Partners LP Common Units,$51.24,-0.04,-0.078%,24802625823.00,United States,2007,80639,Utilities,Oil/Gas Transmission
CR,Crane Company Common Stock,$189.03,1.61,0.859%,10878079165.00,United States,2023,187130,Industrials,Metal Fabrications
CRBG,Corebridge Financial Inc. Common Stock,$32.18,0.42,1.322%,17334781289.00,United States,2022,2654785,Finance,Life Insurance
CRCL,Circle Internet Group Inc. Class A Common Stock,$129.85,-0.96,-0.734%,29791216840.00,United States,2025,9602998,Finance,Finance: Consumer Services
CRM,Salesforce Inc. Common Stock,$263.41,9.13,3.591%,250766320000.00,United States,2004,13354739,Technology,Computer Software: Prepackaged Software
CRS,Carpenter Technology Corporation Common Stock,$249.00,7.23,2.99%,12412673655.00,United States,,1042814,Industrials,Steel/Iron Ore
CSL,Carlisle Companies Incorporated Common Stock,$335.25,5.93,1.801%,14332183909.00,United States,,331671,Industrials,Specialty Chemicals
CTRA,Coterra Energy Inc. Common Stock,$23.32,-0.10,-0.427%,17796424147.00,United States,,5625015,Energy,Oil & Gas Production
CTVA,Corteva Inc. Common Stock ,$61.97,-0.01,-0.016%,42083827000.00,United States,2019,4074799,Consumer Staples,Farming/Seeds/Milling
CUK,Carnival Plc ADS ADS,$27.07,0.89,3.40%,36707594368.00,United States,,1877300,Consumer Discretionary,Marine Transportation
CVNA,Carvana Co. Class A Common Stock,$355.87,18.27,5.412%,76584448905.00,United States,2017,2767503,Consumer Discretionary,Retail-Auto Dealers and Gas Stations
CVS,CVS Health Corporation Common Stock,$83.04,0.56,0.679%,105321822180.00,United States,,6220401,Consumer Staples,Retail-Drug Stores and Proprietary Stores
CVX,Chevron Corporation Common Stock,$153.79,-0.69,-0.447%,312076877425.00,United States,,6304917,Energy,Integrated oil Companies
CW,Curtiss-Wright Corporation Common Stock,$553.08,-8.15,-1.452%,20839008526.00,United States,,223521,Technology,Industrial Machinery/Components
D,Dominion Energy Inc. Common Stock,$60.87,-0.58,-0.944%,51948504754.00,United States,,3589976,Utilities,Electric Utilities: Central
DAL,Delta Air Lines Inc. Common Stock,$62.32,0.57,0.923%,40692639702.00,United States,,7041195,Consumer Discretionary,Air Freight/Delivery Services
DAY,Dayforce Inc. Common Stock,$68.34,0.06,0.088%,10931484752.00,United States,2018,3785881,Technology,Computer Software: Prepackaged Software
DD,DuPont de Nemours Inc. Common Stock,$81.13,0.18,0.222%,33970484654.00,United States,2017,2242054,Industrials,Major Chemicals
DE,Deere & Company Common Stock,$459.82,-2.62,-0.567%,124302861029.00,United States,,953986,Industrials,Industrial Machinery/Components
DECK,Deckers Outdoor Corporation Common Stock,$102.96,2.77,2.765%,15273432552.00,United States,1993,2924694,Consumer Discretionary,Shoe Manufacturing
DELL,Dell Technologies Inc. Class C Common Stock ,$149.43,1.56,1.055%,100472719655.00,United States,2018,5191375,Technology,Computer Manufacturing
DG,Dollar General Corporation Common Stock,$105.51,-0.93,-0.874%,23223387014.00,United States,2009,1931239,Consumer Discretionary,Department/Specialty Retail Stores
DGX,Quest Diagnostics Incorporated Common Stock,$184.64,-5.77,-3.03%,20647080146.00,United States,,2889878,Health Care,Medical Specialities
DHI,D.R. Horton Inc. Common Stock,$158.63,4.87,3.167%,47291335405.00,United States,,4191302,Consumer Discretionary,Homebuilding
DHR,Danaher Corporation Common Stock,$220.77,12.38,5.941%,158082709524.00,United States,,10741274,Industrials,Industrial Machinery/Components
DIS,Walt Disney Company (The) Common Stock,$114.30,2.34,2.09%,205503837112.00,United States,,8163164,Consumer Discretionary,Services-Misc. Amusement & Recreation
DKS,Dick's Sporting Goods Inc Common Stock,$227.72,1.93,0.855%,18239616653.00,United States,2002,543584,Consumer Discretionary,Other Specialty Stores
DLR,Digital Realty Trust Inc. Common Stock,$171.63,-1.29,-0.746%,58534486159.00,United States,2004,1391156,Real Estate,Real Estate Investment Trusts
DOC,Healthpeak Properties Inc. Common Stock,$18.58,-0.14,-0.748%,12911677757.00,United States,,4811453,Real Estate,Real Estate Investment Trusts
DOCS,Doximity Inc. Class A Common Stock,$67.91,-0.09,-0.132%,12719506261.00,United States,2021,842919,Technology,EDP Services
DOV,Dover Corporation Common Stock,$173.04,4.12,2.439%,23729745747.00,United States,,1453265,Industrials,Industrial Machinery/Components
DOW,Dow Inc. Common Stock ,$21.75,0.12,0.555%,15417360284.00,United States,2019,10565142,Industrials,Major Chemicals
DRI,Darden Restaurants Inc. Common Stock,$187.49,-0.43,-0.229%,21807667237.00,United States,,830378,Consumer Discretionary,Restaurants
DT,Dynatrace Inc. Common Stock,$50.95,0.83,1.656%,15361743030.00,United States,2019,1913991,Technology,Computer Software: Prepackaged Software
DTE,DTE Energy Company Common Stock,$142.27,-1.05,-0.733%,29533516733.00,United States,,838713,Utilities,Electric Utilities: Central
DTM,DT Midstream Inc. Common Stock ,$108.53,-1.44,-1.309%,11025834568.00,United States,2021,522438,Utilities,Natural Gas Distribution
DUK,Duke Energy Corporation (Holding Company) Common Stock,$128.33,-0.61,-0.473%,99792547850.00,United States,,2629062,Utilities,Power Generation
DUKB,Duke Energy Corporation 5.625% Junior Subordinated Debentures due 2078,$24.66,-0.08,-0.323%,19176219356.00,United States,2018,14285,Utilities,Power Generation
DVN,Devon Energy Corporation Common Stock,$32.06,0.13,0.407%,20351688000.00,United States,1985,7512988,Energy,Oil & Gas Production
ECCF,Eagle Point Credit Company Inc. 8.00% Series F Term Preferred Stock due 2029,$25.15,-0.04,-0.159%,27380121624.00,United States,,4135,,
ECL,Ecolab Inc. Common Stock,$278.19,-1.98,-0.707%,78901614269.00,United States,,1563236,Consumer Discretionary,Package Goods/Cosmetics
ED,Consolidated Edison Inc. Common Stock,$101.56,-0.16,-0.157%,36627783097.00,United States,,1116965,Utilities,Power Generation
EFX,Equifax Inc. Common Stock,$229.93,-1.19,-0.515%,28464731583.00,United States,,2100378,Finance,Finance: Consumer Services
EHC,Encompass Health Corporation Common Stock,$124.90,-0.30,-0.24%,12580406117.00,United States,,608211,Health Care,Hospital/Nursing Management
EIX,Edison International Common Stock,$58.36,0.71,1.232%,22458912649.00,United States,,2193628,Utilities,Electric Utilities: Central
EL,Estee Lauder Companies Inc. (The) Common Stock,$98.54,-3.98,-3.882%,35463505812.00,United States,1995,5338015,Consumer Discretionary,Package Goods/Cosmetics
ELAN,Elanco Animal Health Incorporated Common Stock,$21.62,-0.10,-0.46%,10741112237.00,United States,2018,3459355,Health Care,Biotechnology: Pharmaceutical Preparations
ELS,Equity Lifestyle Properties Inc. Common Stock,$62.94,0.02,0.032%,12197126802.00,United States,,1137890,Real Estate,Real Estate Investment Trusts
ELV,Elevance Health Inc. Common Stock,$349.75,-4.32,-1.22%,78756111824.00,United States,,4062121,Health Care,Medical Specialities
EME,EMCOR Group Inc. Common Stock,$689.95,-10.23,-1.461%,30885094288.00,United States,,384592,Industrials,Engineering & Construction
EMR,Emerson Electric Company Common Stock,$132.17,1.82,1.396%,74385276000.00,United States,,1779540,Technology,Consumer Electronics/Appliances
EOG,EOG Resources Inc. Common Stock,$106.04,-0.36,-0.338%,57897141833.00,United States,,4254022,Energy,Oil & Gas Production
EPD,Enterprise Products Partners L.P. Common Stock,$30.76,0.09,0.293%,66603011224.00,United States,,2376335,Utilities,Natural Gas Distribution
EQH,Equitable Holdings Inc. Common Stock,$48.37,0.36,0.75%,14488578957.00,United States,2018,2228765,Finance,Specialty Insurers
EQR,Equity Residential Common Shares of Beneficial Interest,$62.82,0.47,0.754%,23990835941.00,United States,,2335532,Real Estate,Real Estate Investment Trusts
EQT,EQT Corporation Common Stock,$55.71,-0.74,-1.311%,34766215470.00,United States,,6655897,Energy,Oil & Gas Production
ES,Eversource Energy (D/B/A) Common Stock,$73.21,0.36,0.494%,27169342401.00,United States,,2544329,Utilities,Electric Utilities: Central
ESS,Essex Property Trust Inc. Common Stock,$261.98,1.18,0.452%,16872565684.00,United States,1994,472150,Real Estate,Real Estate Investment Trusts
ET,Energy Transfer LP Common Units ,$16.76,-0.01,-0.06%,57531742460.00,United States,,14492928,Utilities,Natural Gas Distribution
ETR,Entergy Corporation Common Stock,$95.66,-1.05,-1.086%,42703491541.00,United States,,1999862,Utilities,Electric Utilities: Central
EVR,Evercore Inc. Class A Common Stock,$320.21,-0.76,-0.237%,12359462058.00,United States,2006,265867,Finance,Investment Managers
EW,Edwards Lifesciences Corporation Common Stock,$76.02,0.73,0.97%,44631342000.00,United States,,3792157,Health Care,Industrial Specialties
EXPD,Expeditors International of Washington Inc. Common Stock,$121.03,0.59,0.49%,16426012476.00,United States,,523758,Industrials,Integrated Freight & Logistics
EXR,Extra Space Storage Inc Common Stock,$150.55,-0.92,-0.607%,31954781136.00,United States,2004,789301,Real Estate,Real Estate Investment Trusts
F,Ford Motor Company Common Stock,$12.56,0.57,4.754%,49987045330.00,United States,,297153158,Industrials,Auto Manufacturing
FCX,Freeport-McMoRan Inc. Common Stock,$41.31,-0.88,-2.086%,59311829476.00,United States,,12932209,Basic Materials,Metal Mining
FDX,FedEx Corporation Common Stock,$242.84,3.03,1.264%,57299424149.00,United States,,1142357,Consumer Discretionary,Air Freight/Delivery Services
FE,FirstEnergy Corp. Common Stock,$47.08,-0.15,-0.318%,27184177071.00,United States,,3916973,Utilities,Electric Utilities: Central
FHN,First Horizon Corporation Common Stock,$20.78,0.24,1.168%,10550995627.00,United States,,12579668,Finance,Major Banks
FI,Fiserv Inc. Common Stock,$126.07,1.93,1.555%,68530792203.00,United States,,3086831,Real Estate,Real Estate
FICO,Fair Isaac Corporation Common Stock,$1565.83,-54.56,-3.367%,37585644674.00,United States,,397147,Real Estate,Real Estate
FIS,Fidelity National Information Services Inc. Common Stock,$67.70,-0.24,-0.353%,35365029663.00,United States,,4143716,Real Estate,Real Estate
FIX,Comfort Systems USA Inc. Common Stock,$829.36,-7.39,-0.883%,29261025031.00,United States,1997,331685,Industrials,Engineering & Construction
FNF,Fidelity National Financial Inc. Common Stock,$56.50,0.39,0.695%,15352324414.00,United States,2014,677081,Finance,Specialty Insurers
FTS,Fortis Inc. Common Shares,$51.65,0.04,0.078%,26010940000.00,United States,2016,630531,Utilities,Electric Utilities: Central
FTV,Fortive Corporation Common Stock ,$49.78,0.50,1.015%,16842383254.00,United States,2016,1503485,Industrials,Industrial Machinery/Components
GD,General Dynamics Corporation Common Stock,$340.69,3.50,1.038%,91643341686.00,United States,,946569,Industrials,Marine Transportation
GDDY,GoDaddy Inc. Class A Common Stock,$132.72,0.26,0.196%,18374953536.00,United States,2015,760652,Technology,EDP Services
GE,GE Aerospace Common Stock,$306.63,3.95,1.305%,325162529236.00,United States,,6726559,Technology,Consumer Electronics/Appliances
GEV,GE Vernova Inc. Common Stock,$585.33,-8.74,-1.471%,159340838800.00,United States,2024,3956373,,
GGG,Graco Inc. Common Stock,$83.86,1.52,1.846%,13895115109.00,United States,,830433,Industrials,Fluid Controls
GIS,General Mills Inc. Common Stock,$48.57,-0.24,-0.492%,25908035617.00,United States,,4990639,Consumer Staples,Packaged Foods
GL,Globe Life Inc. Common Stock,$136.01,0.58,0.428%,11017290931.00,United States,,587896,Finance,Life Insurance
GLW,Corning Incorporated Common Stock,$86.05,0.77,0.903%,73712040082.00,United States,,4992264,Industrials,Telecommunications Equipment
GM,General Motors Company Common Stock,$66.62,8.62,14.862%,63427423103.00,United States,2010,43706533,Industrials,Auto Manufacturing
GME,GameStop Corporation Common Stock,$22.80,-0.57,-2.439%,11227474292.00,United States,2002,6387180,Consumer Discretionary,Electronics Distribution
GNRC,Generac Holdlings Inc. Common Stock,$192.50,-3.27,-1.67%,11295120568.00,United States,2010,1028960,Consumer Discretionary,Metal Fabrications
GPC,Genuine Parts Company Common Stock,$134.51,2.70,2.048%,18709304466.00,United States,,2768774,Consumer Discretionary,Automotive Aftermarket
GPN,Global Payments Inc. Common Stock,$87.66,0.64,0.735%,21266938912.00,United States,,1282459,Real Estate,Real Estate
GS,Goldman Sachs Group Inc. (The) Common Stock,$758.98,-4.34,-0.569%,229759254406.00,United States,1999,1782194,Finance,Investment Bankers/Brokers/Service
GWRE,Guidewire Software Inc. Common Stock,$254.23,0.26,0.102%,21490208845.00,United States,2012,498441,Technology,Computer Software: Prepackaged Software
GWW,W.W. Grainger Inc. Common Stock,$971.54,0.62,0.064%,46470938336.00,United States,,189834,Industrials,Office Equipment/Supplies/Services
H,Hyatt Hotels Corporation Class A Common Stock,$149.39,1.49,1.007%,14264502507.00,United States,2009,630991,Consumer Discretionary,Hotels/Resorts
HAL,Halliburton Company Common Stock,$25.24,2.62,11.583%,21519677054.00,United States,,39857092,Energy,Oilfield Services/Equipment
HCA,HCA Healthcare Inc. Common Stock,$432.01,-1.14,-0.263%,101087531935.00,United States,2011,1082657,Health Care,Hospital/Nursing Management
HD,Home Depot Inc. (The) Common Stock,$390.90,2.01,0.517%,389096640312.00,United States,,2306895,Consumer Discretionary,RETAIL: Building Materials
HEI,Heico Corporation Common Stock,$315.14,2.12,0.677%,43869530422.00,United States,2000,216583,Industrials,Aerospace
HIG,The Hartford Insurance Group Inc. Common Stock,$125.10,1.25,1.009%,35174574166.00,United States,,1841202,Finance,Property-Casualty Insurers
HII,Huntington Ingalls Industries Inc. Common Stock,$287.53,1.76,0.616%,11282858631.00,United States,,277903,Industrials,Marine Transportation
HIMS,Hims & Hers Health Inc. Class A Common Stock,$49.36,-2.00,-3.894%,11156326518.00,United States,2019,29718047,Health Care,Medical/Nursing Services
HLI,Houlihan Lokey Inc. Class A Common Stock,$193.00,0.35,0.182%,13570128764.00,United States,2015,262650,Finance,Investment Managers
HLT,Hilton Worldwide Holdings Inc. Common Stock ,$265.96,4.92,1.885%,62552130548.00,United States,2016,2082501,Consumer Discretionary,Hotels/Resorts
HPE,Hewlett Packard Enterprise Company Common Stock,$23.27,0.40,1.749%,30703602943.00,United States,2015,81272470,Technology,Retail: Computer Software & Peripheral Equipment
HPQ,HP Inc. Common Stock,$28.16,0.50,1.808%,26321204124.00,United States,,8330462,Technology,Computer Manufacturing
HRL,Hormel Foods Corporation Common Stock,$24.08,0.12,0.501%,13243962267.00,United States,,4258475,Consumer Staples,Meat/Poultry/Fish
HSY,The Hershey Company Common Stock,$186.13,-0.08,-0.043%,37733060744.00,United States,,905986,Consumer Staples,Specialty Foods
HUBB,Hubbell Inc Common Stock,$435.29,3.64,0.843%,23131314518.00,United States,2015,342407,Technology,Electrical Products
HUBS,HubSpot Inc. Common Stock,$478.01,26.43,5.853%,25187833511.00,United States,2014,858022,Technology,Computer Software: Prepackaged Software
HUM,Humana Inc. Common Stock,$295.20,11.20,3.944%,35504240969.00,United States,,1909959,Health Care,Medical Specialities
HWM,Howmet Aerospace Inc. Common Stock,$197.18,4.66,2.421%,79488448172.00,United States,,2022624,Industrials,Metal Fabrications
IBM,International Business Machines Corporation Common Stock,$282.05,-1.60,-0.564%,262735002206.00,United States,,4080981,Technology,Computer Manufacturing
ICE,Intercontinental Exchange Inc. Common Stock,$156.79,1.50,0.966%,89750215968.00,United States,2005,3559990,Finance,Investment Bankers/Brokers/Service
IEX,IDEX Corporation Common Stock,$169.33,2.72,1.633%,12748395800.00,United States,1989,411954,Industrials,Fluid Controls
IFF,International Flavors & Fragrances Inc. Common Stock,$65.01,0.37,0.572%,16661223136.00,United States,,1660178,Industrials,Major Chemicals
INVH,Invitation Homes Inc. Common Stock,$28.69,0.09,0.315%,17587205832.00,United States,2017,4045858,Finance,Real Estate
IONQ,IonQ Inc. Common Stock,$59.50,-0.44,-0.734%,17661848862.00,United States,2021,26167022,Technology,EDP Services
IOT,Samsara Inc. Class A Common Stock,$39.15,1.94,5.214%,22457796039.00,United States,2021,5576176,Technology,EDP Services
IP,International Paper Company Common Stock,$47.68,-0.21,-0.439%,25174186290.00,United States,,3301136,Basic Materials,Paper
IQV,IQVIA Holdings Inc. Common Stock,$218.67,6.62,3.122%,37173900000.00,United States,2013,2708330,Health Care,Biotechnology: Commercial Physical & Biological Resarch
IR,Ingersoll Rand Inc. Common Stock,$79.56,1.09,1.389%,31621322093.00,United States,2017,1848755,Industrials,Industrial Machinery/Components
IRM,Iron Mountain Incorporated (Delaware)Common Stock REIT,$104.41,-1.42,-1.342%,30837308172.00,United States,,863209,Real Estate,Real Estate Investment Trusts
IT,Gartner Inc. Common Stock,$258.17,18.69,7.804%,19552710195.00,United States,1993,1314989,Consumer Discretionary,Other Consumer Services
ITT,ITT Inc. Common Stock ,$174.66,2.17,1.258%,13623480000.00,United States,2011,389976,Industrials,Fluid Controls
ITW,Illinois Tool Works Inc. Common Stock,$257.14,4.76,1.886%,74956310000.00,United States,,1077195,Industrials,Industrial Machinery/Components
IVZ,Invesco Ltd Common Stock,$22.94,0.10,0.438%,10230408953.00,United States,,3808372,Finance,Investment Managers
J,Jacobs Solutions Inc. Common Stock,$164.44,1.87,1.15%,19656576962.00,United States,2022,1906101,Industrials,Military/Government/Technical
JBL,Jabil Inc. Common Stock,$201.12,-2.90,-1.421%,21487125217.00,United States,1993,1134701,Technology,Electrical Products
JEF,Jefferies Financial Group Inc. Common Stock,$55.07,1.03,1.906%,11359855901.00,United States,,5086001,Finance,Investment Bankers/Brokers/Service
JLL,Jones Lang LaSalle Incorporated Common Stock,$310.18,3.84,1.254%,14696709921.00,United States,,190312,Finance,Real Estate
JNJ,Johnson & Johnson Common Stock,$191.88,-1.84,-0.95%,462112062759.00,United States,,6716360,Health Care,Biotechnology: Pharmaceutical Preparations
JOBY,Joby Aviation Inc. Common Stock,$16.10,-1.33,-7.631%,13781301973.00,United States,2020,68010870,Industrials,Aerospace
JPM,JP Morgan Chase & Co. Common Stock,$297.09,-5.27,-1.743%,816924372485.00,United States,,7372671,Finance,Major Banks
K,Kellanova Common Stock,$82.98,-0.06,-0.072%,28849590216.00,United States,,1360521,Consumer Staples,Packaged Foods
KEY,KeyCorp Common Stock,$17.54,0.16,0.921%,19232887816.00,United States,,15170623,Finance,Major Banks
KEYS,Keysight Technologies Inc. Common Stock,$167.34,2.59,1.572%,28758424708.00,United States,2014,732526,Industrials,Industrial Machinery/Components
KIM,Kimco Realty Corporation (HC) Common Stock,$22.21,0.21,0.955%,15040622594.00,United States,,5406479,Real Estate,Real Estate Investment Trusts
KKR,KKR & Co. Inc. Common Stock,$123.68,3.57,2.972%,110192538308.00,United States,,4901069,Finance,Investment Managers
KKRS,KKR Group Finance Co. IX LLC 4.625% Subordinated Notes due 2061,$18.50,0.05,0.271%,16482551413.00,United States,2021,8323,Finance,Investment Managers
KMI,Kinder Morgan Inc. Common Stock,$27.50,-0.02,-0.073%,61107134440.00,United States,2011,11439454,Utilities,Natural Gas Distribution
KNSL,Kinsale Capital Group Inc. Common Stock,$453.69,10.97,2.478%,10570977454.00,United States,,272671,Finance,Property-Casualty Insurers
KO,Coca-Cola Company (The) Common Stock,$71.22,2.78,4.062%,306507181687.00,United States,,33651302,Consumer Staples,Beverages (Production/Distribution)
KR,Kroger Company (The) Common Stock,$67.60,-1.55,-2.242%,44797047131.00,United States,,5955272,Consumer Staples,Food Chains
KRMN,Karman Holdings Inc. Common Stock,$78.99,0.74,0.946%,10452149141.00,United States,2025,822551,Industrials,Military/Government/Technical
KVUE,Kenvue Inc. Common Stock,$14.93,-0.03,-0.201%,28651713906.00,United States,2023,25585957,Consumer Discretionary,Specialty Chemicals
L,Loews Corporation Common Stock,$99.44,0.24,0.242%,20626480719.00,United States,,485761,Finance,Property-Casualty Insurers
LDOS,Leidos Holdings Inc. Common Stock,$193.16,2.67,1.402%,24781912649.00,United States,,855621,Technology,EDP Services
LEN,Lennar Corporation Class A Common Stock,$128.24,2.39,1.899%,32703834434.00,United States,,4170822,Consumer Discretionary,Homebuilding
LH,Labcorp Holdings Inc. Common Stock,$284.13,-6.80,-2.337%,23611203000.00,United States,,640005,Health Care,Medical Specialities
LHX,L3Harris Technologies Inc. Common Stock,$292.30,1.74,0.599%,54687809455.00,United States,,982382,Industrials,Industrial Machinery/Components
LII,Lennox International Inc. Common Stock,$548.99,14.24,2.663%,19282879026.00,United States,1999,784859,Industrials,Industrial Machinery/Components
LLY,Eli Lilly and Company Common Stock,$799.57,-9.39,-1.161%,756758430794.00,United States,,2099488,Health Care,Biotechnology: Pharmaceutical Preparations
LMT,Lockheed Martin Corporation Common Stock,$489.50,-16.40,-3.242%,114281144912.00,United States,,2869991,Industrials,Military/Government/Technical
LNG,Cheniere Energy Inc. Common Stock,$222.22,0.90,0.407%,48836868071.00,United States,2001,1293282,Utilities,Oil/Gas Transmission
LOW,Lowe's Companies Inc. Common Stock,$245.27,3.00,1.238%,137553524449.00,United States,,2056175,Consumer Discretionary,RETAIL: Building Materials
LUV,Southwest Airlines Company Common Stock,$34.68,0.25,0.726%,18213509748.00,United States,,9404988,Consumer Discretionary,Air Freight/Delivery Services
LVS,Las Vegas Sands Corp. Common Stock,$50.62,0.89,1.79%,34748281536.00,United States,2004,3815626,Consumer Discretionary,Hotels/Resorts
LYV,Live Nation Entertainment Inc. Common Stock,$157.24,0.47,0.30%,36868491593.00,United States,,1218165,Consumer Discretionary,Services-Misc. Amusement & Recreation
MA,Mastercard Incorporated Common Stock,$572.03,5.67,1.001%,517121891119.00,United States,2006,2722423,Real Estate,Real Estate
MAA,Mid-America Apartment Communities Inc. Common Stock,$133.40,0.51,0.384%,15617289809.00,United States,1994,1004908,Real Estate,Real Estate Investment Trusts
MAS,Masco Corporation Common Stock,$70.18,1.47,2.139%,14693139974.00,United States,,1437899,Industrials,Industrial Specialties
MCD,McDonald's Corporation Common Stock,$307.48,-0.29,-0.094%,219419091366.00,United States,,2461407,Consumer Discretionary,Restaurants
MCK,McKesson Corporation Common Stock,$787.29,-0.53,-0.067%,97926588765.00,United States,,586274,Health Care,Other Pharmaceuticals
MCO,Moody's Corporation Common Stock,$484.92,10.46,2.205%,86994648000.00,United States,,1334303,Finance,Finance: Consumer Services
MDT,Medtronic plc. Ordinary Shares,$95.83,-0.09,-0.094%,122919788072.00,United States,,4405415,Health Care,Biotechnology: Electromedical & Electrotherapeutic Apparatus
MET,MetLife Inc. Common Stock,$79.02,0.28,0.356%,52550358787.00,United States,2000,2888151,Finance,Life Insurance
MKC,McCormick & Company Incorporated Common Stock,$66.91,-0.84,-1.24%,17957015344.00,United States,,2114905,Consumer Staples,Packaged Foods
MKL,Markel Group Inc. Common Stock,$1905.26,-2.29,-0.12%,24105351425.00,United States,1986,34058,Finance,Property-Casualty Insurers
MLI,Mueller Industries Inc. Common Stock,$104.38,4.11,4.099%,11554944494.00,United States,,906147,Industrials,Metal Fabrications
MLM,Martin Marietta Materials Inc. Common Stock,$632.03,4.94,0.788%,38115203076.00,United States,1994,278089,Industrials,Mining & Quarrying of Nonmetallic Minerals (No Fuels)
MMC,Marsh & McLennan Companies Inc. Common Stock,$188.95,-0.96,-0.506%,92568434603.00,United States,,2751731,Finance,Specialty Insurers
MMM,3M Company Common Stock,$166.64,11.86,7.662%,88757413541.00,United States,,7302219,Health Care,Medical/Dental Instruments
MO,Altria Group Inc.,$63.75,-0.65,-1.009%,107093048254.00,United States,,9162426,Health Care, Medicinal Chemicals and Botanical Products 
MOH,Molina Healthcare Inc Common Stock,$196.80,-0.69,-0.349%,10666560000.00,United States,2003,1546046,Health Care,Medical Specialities
MP,MP Materials Corp. Common Stock,$74.11,-8.79,-10.603%,13124756051.00,United States,2020,17623698,Basic Materials,Metal Mining
MPC,Marathon Petroleum Corporation Common Stock,$182.87,-3.40,-1.825%,55596193907.00,United States,,1282408,Energy,Integrated oil Companies
MPLX,MPLX LP Common Units Representing Limited Partner Interests,$49.61,-0.01,-0.02%,50555859497.00,United States,2012,797470,Energy,Natural Gas Distribution
MRK,Merck & Company Inc. Common Stock (new),$87.62,1.30,1.506%,218855764948.00,United States,,9852403,Health Care,Biotechnology: Pharmaceutical Preparations
MS,Morgan Stanley Common Stock,$159.23,-2.74,-1.692%,254184542428.00,United States,,4220552,Finance,Investment Bankers/Brokers/Service
MSCI,MSCI Inc. Common Stock,$540.36,3.66,0.682%,41805078385.00,United States,,686239,Real Estate,Real Estate
MSI,Motorola Solutions Inc. Common Stock,$448.10,-0.34,-0.076%,74655204901.00,United States,,395529,Technology,Radio And Television Broadcasting And Communications Equipment
MTB,M&T Bank Corporation Common Stock,$181.70,-0.37,-0.203%,28394130175.00,United States,,1932620,Finance,Major Banks
MTZ,MasTec Inc. Common Stock,$207.18,1.97,0.96%,16348149910.00,United States,,993358,Industrials,Water Sewer Pipeline Comm & Power Line Construction
NCLH,Norwegian Cruise Line Holdings Ltd. Ordinary Shares,$23.92,0.67,2.882%,10810335049.00,United States,,13591775,Consumer Discretionary,Marine Transportation
NEE,NextEra Energy Inc. Common Stock,$83.99,-0.78,-0.92%,172959984466.00,United States,,7282198,Technology,EDP Services
NEM,Newmont Corporation,$86.32,-8.57,-9.032%,94818180262.00,United States,,17038308,Basic Materials,Precious Metals
NET,Cloudflare Inc. Class A Common Stock,$212.98,-0.06,-0.028%,74219608399.00,United States,2019,1395431,Technology,Computer Software: Prepackaged Software
NI,NiSource Inc Common Stock,$43.71,-0.14,-0.319%,20581072443.00,United States,,4002868,Utilities,Power Generation
NIO,NIO Inc. American depositary shares each  representing one Class A ordinary share,$6.80,-0.26,-3.683%,15272736066.00,United States,2018,35680939,Industrials,Auto Manufacturing
NKE,Nike Inc. Common Stock,$68.36,0.74,1.094%,101049845175.00,United States,,9659203,Consumer Discretionary,Shoe Manufacturing
NLY,Annaly Capital Management Inc. Common Stock,$21.05,-0.06,-0.284%,13515702473.00,United States,,5939845,Real Estate,Real Estate Investment Trusts
NOC,Northrop Grumman Corporation Common Stock,$599.35,-2.65,-0.44%,85816720262.00,United States,,1750875,Industrials,Industrial Machinery/Components
NOW,ServiceNow Inc. Common Stock,$941.50,23.95,2.61%,195832000000.00,United States,2012,1260241,Technology,Computer Software: Prepackaged Software
NRG,NRG Energy Inc. Common Stock,$163.59,-3.42,-2.048%,31643344899.00,United States,,2071021,Utilities,Electric Utilities: Central
NSC,Norfolk Southern Corporation Common Stock,$289.78,-1.37,-0.471%,65088903983.00,United States,,993102,Industrials,Railroads
NUE,Nucor Corporation Common Stock,$140.52,3.91,2.862%,32254321012.00,United States,,1609474,Industrials,Steel/Iron Ore
NVR,NVR Inc. Common Stock,$7792.13,111.05,1.446%,22361862466.00,United States,1998,23963,Consumer Discretionary,Homebuilding
O,Realty Income Corporation Common Stock,$60.03,-0.61,-1.006%,54885794403.00,United States,,5307348,Real Estate,Real Estate Investment Trusts
OC,Owens Corning Inc Common Stock New,$130.69,3.17,2.486%,10929285555.00,United States,,1675537,Industrials,Industrial Machinery/Components
OHI,Omega Healthcare Investors Inc. Common Stock,$40.32,-0.73,-1.778%,11894400000.00,United States,1992,1032395,Real Estate,Real Estate Investment Trusts
OKE,ONEOK Inc. Common Stock,$68.95,0.42,0.613%,43421674752.00,United States,,3041652,Utilities,Oil & Gas Production
OKLO,Oklo Inc. Class A common stock,$139.44,-19.61,-12.329%,20582626011.00,United States,2021,22688908,Utilities,Electric Utilities: Central
OMC,Omnicom Group Inc. Common Stock,$78.71,0.52,0.665%,15247928593.00,United States,,4062444,Consumer Discretionary,Advertising
ORCL,Oracle Corporation Common Stock,$275.15,-2.03,-0.732%,781897607100.00,United States,1986,18370806,Technology,Computer Software: Prepackaged Software
ORI,Old Republic International Corporation Common Stock,$41.97,0.21,0.503%,10428274904.00,United States,,799143,Finance,Property-Casualty Insurers
OTIS,Otis Worldwide Corporation Common Stock ,$92.70,1.19,1.30%,36382453728.00,United States,2020,1714376,Technology,Consumer Electronics/Appliances
OWL,Blue Owl Capital Inc. Class A Common Stock,$17.05,0.37,2.218%,26419039108.00,United States,2020,10608203,Finance,Investment Managers
OXY,Occidental Petroleum Corporation Common Stock,$40.91,-0.12,-0.292%,40273429845.00,United States,,8563785,Energy,Oil & Gas Production
PAG,Penske Automotive Group Inc. Common Stock,$171.28,1.83,1.08%,11312080036.00,United States,,192863,Consumer Discretionary,Retail-Auto Dealers and Gas Stations
PAYC,Paycom Software Inc. Common Stock,$206.86,5.77,2.869%,11972394227.00,United States,2014,510879,Technology,Computer Software: Prepackaged Software
PCG,Pacific Gas & Electric Co. Common Stock,$16.75,0.07,0.42%,36813776484.00,United States,,21190146,Utilities,Power Generation
PCOR,Procore Technologies Inc. Common Stock,$74.66,2.28,3.15%,11213394523.00,United States,2021,931414,Technology,Computer Software: Prepackaged Software
PEG,Public Service Enterprise Group Incorporated Common Stock,$83.12,-1.71,-2.016%,41483509152.00,United States,,1958966,Utilities,Power Generation
PFE,Pfizer Inc. Common Stock,$24.85,0.16,0.648%,141285929925.00,United States,,40726922,Health Care,Biotechnology: Pharmaceutical Preparations
PFGC,Performance Food Group Company Common Stock,$101.14,-0.35,-0.345%,15830342381.00,United States,2015,506639,Consumer Discretionary,Food Distributors
PG,Procter & Gamble Company (The) Common Stock,$151.62,-0.34,-0.224%,355150365011.00,United States,,6013379,Consumer Discretionary,Package Goods/Cosmetics
PGR,Progressive Corporation (The) Common Stock,$221.60,2.22,1.012%,129903800719.00,United States,,2746628,Finance,Property-Casualty Insurers
PH,Parker-Hannifin Corporation Common Stock,$757.83,17.82,2.408%,96003536766.00,United States,,409544,Industrials,Metal Fabrications
PHM,PulteGroup Inc. Common Stock,$123.27,0.00,0.00%,24320871947.00,United States,,4707033,Consumer Discretionary,Homebuilding
PINS,Pinterest Inc. Class A Common Stock,$33.75,0.85,2.584%,22947626666.00,United States,2019,7229930,Technology,Computer Software: Programming Data Processing
PKG,Packaging Corporation of America Common Stock,$208.13,2.25,1.093%,18727284106.00,United States,2000,692817,Consumer Discretionary,Containers/Packaging
PLD,Prologis Inc. Common Stock,$125.99,-1.19,-0.936%,116926657370.00,United States,,2975608,Real Estate,Real Estate Investment Trusts
PM,Philip Morris International Inc Common Stock,$152.00,-6.06,-3.834%,236601579224.00,United States,,28418144,Health Care, Medicinal Chemicals and Botanical Products 
PNC,PNC Financial Services Group Inc. (The) Common Stock,$181.91,-0.26,-0.143%,71637500860.00,United States,,3395594,Finance,Major Banks
PNW,Pinnacle West Capital Corporation Common Stock,$92.23,-0.50,-0.539%,11014774714.00,United States,,1313043,Utilities,Electric Utilities: Central
PPG,PPG Industries Inc. Common Stock,$104.38,2.21,2.163%,23558566000.00,United States,,1790722,Consumer Discretionary,Paints/Coatings
PPL,PPL Corporation Common Stock,$37.52,-0.15,-0.398%,27746611917.00,United States,,7778349,Utilities,Electric Utilities: Central
PRU,Prudential Financial Inc. Common Stock,$101.86,0.34,0.335%,35854720000.00,United States,2001,1127512,Finance,Life Insurance
PSA,Public Storage Common Stock,$308.27,-3.53,-1.132%,54086849453.00,United States,,973904,Real Estate,Real Estate Investment Trusts
PSTG,Pure Storage Inc. Class A Common Stock,$90.86,-0.13,-0.143%,29859920567.00,United States,2015,2775024,Technology,Electronic Components
PSX,Phillips 66 Common Stock,$128.60,-1.74,-1.335%,51970380479.00,United States,,2315049,Energy,Integrated oil Companies
PWR,Quanta Services Inc. Common Stock,$437.43,-3.31,-0.751%,65179669646.00,United States,,926775,Industrials,Engineering & Construction
QXO,QXO Inc. Common Stock,$19.54,0.54,2.842%,13161297058.00,United States,,6738306,Consumer Discretionary,RETAIL: Building Materials
RBC,RBC Bearings Incorporated Common Stock,$392.33,4.60,1.186%,12382954073.00,United States,2022,141718,Industrials,Metal Fabrications
RBLX,Roblox Corporation Class A Common Stock,$133.16,-1.68,-1.246%,92312723781.00,United States,2021,4718847,Technology,Computer Software: Prepackaged Software
RBRK,Rubrik Inc. Class A Common Stock,$79.88,1.07,1.358%,15772999758.00,United States,2024,1962905,Technology,Computer Software: Prepackaged Software
RCL,Royal Caribbean Cruises Ltd. Common Stock,$316.78,13.94,4.603%,86046210135.00,United States,1993,1691565,Consumer Discretionary,Marine Transportation
RDDT,Reddit Inc. Class A Common Stock,$205.71,3.23,1.595%,38499897994.00,United States,2024,4186027,Technology,EDP Services
REXR,Rexford Industrial Realty Inc. Common Stock,$43.41,-0.85,-1.92%,10106299724.00,United States,2013,1804299,Real Estate,Real Estate Investment Trusts
RF,Regions Financial Corporation Common Stock,$24.36,0.30,1.247%,21736631503.00,United States,,52041574,Finance,Major Banks
RGA,Reinsurance Group of America Incorporated Common Stock,$189.38,0.94,0.499%,12516834564.00,United States,,239680,Finance,Life Insurance
RJF,Raymond James Financial Inc. Common Stock,$165.75,0.77,0.467%,33047894022.00,United States,,1031576,Finance,Investment Bankers/Brokers/Service
RKT,Rocket Companies Inc. Class A Common Stock,$17.04,-0.09,-0.525%,35861012979.00,United States,2020,43432743,Finance,Finance: Consumer Services
RL,Ralph Lauren Corporation Common Stock,$334.98,1.98,0.595%,20291172984.00,United States,1997,398010,Industrials,Garments and Clothing
RMD,ResMed Inc. Common Stock,$268.22,-3.19,-1.175%,39271388117.00,United States,,791600,Health Care,Medical/Dental Instruments
ROK,Rockwell Automation Inc. Common Stock,$354.16,1.37,0.388%,39819766042.00,United States,,499399,Industrials,Industrial Machinery/Components
ROL,Rollins Inc. Common Stock,$56.33,0.26,0.464%,27299771369.00,United States,,1088391,Consumer Discretionary,Diversified Commercial Services
RPM,RPM International Inc. Common Stock,$113.23,1.20,1.071%,14518205326.00,United States,,747600,Consumer Discretionary,Paints/Coatings
RS,Reliance Inc. Common Stock,$278.65,0.23,0.083%,14655190757.00,United States,1994,292212,Industrials,Metal Fabrications
RSG,Republic Services Inc. Common Stock,$220.94,0.81,0.368%,68980963271.00,United States,1998,911782,Utilities,Environmental Services
RTX,RTX Corporation Common Stock,$173.04,12.33,7.672%,231621277744.00,United States,,12296748,Industrials,Aerospace
RVTY,Revvity Inc. Common Stock,$96.89,1.58,1.658%,11246272276.00,United States,,1124289,Industrials,Biotechnology: Laboratory Analytical Instruments
RYAN,Ryan Specialty Holdings Inc. Class A Common Stock,$53.13,0.60,1.142%,14010514675.00,United States,2021,999174,Finance,Specialty Insurers
SCCO,Southern Copper Corporation Common Stock,$128.32,-6.62,-4.906%,103177996136.00,United States,,1770696,Basic Materials,Metal Mining
SCHW,Charles Schwab Corporation (The) Common Stock,$95.09,0.14,0.147%,172609203237.00,United States,,7451219,Finance,Investment Bankers/Brokers/Service
SCI,Service Corporation International Common Stock,$82.80,1.09,1.334%,11611873490.00,United States,,997460,Consumer Discretionary,Other Consumer Services
SE,Sea Limited American Depositary Shares each representing one Class A Ordinary Share,$164.60,-1.10,-0.664%,97446481136.00,United States,2017,3882763,Consumer Discretionary,Other Consumer Services
SF,Stifel Financial Corporation Common Stock,$112.38,0.23,0.205%,11482247366.00,United States,,856854,Finance,Investment Bankers/Brokers/Service
SGI,Somnigroup International Inc. Common Stock,$84.83,0.76,0.904%,17804807523.00,United States,,1587260,Consumer Discretionary,Home Furnishings
SHW,Sherwin-Williams Company (The) Common Stock,$338.44,7.20,2.174%,84384367467.00,United States,,2268485,Consumer Discretionary,RETAIL: Building Materials
SJM,The J.M. Smucker Company Common Stock,$104.74,-0.62,-0.588%,11174203658.00,United States,,874578,Consumer Staples,Packaged Foods
SMR,NuScale Power Corporation Class A Common Stock,$38.37,-5.84,-13.21%,10930723775.00,United States,2022,30772159,Industrials,Metal Fabrications
SN,SharkNinja Inc. Ordinary Shares,$93.45,0.64,0.69%,13115467894.00,United States,2023,1752004,Consumer Discretionary,Consumer Electronics/Appliances
SNA,Snap-On Incorporated Common Stock,$345.73,4.86,1.426%,17980572682.00,United States,,354023,Consumer Discretionary,Industrial Machinery/Components
SNAP,Snap Inc. Class A Common Stock,$7.85,0.12,1.552%,13265185643.00,United States,2017,32736909,Technology,Computer Software: Programming Data Processing
SNOW,Snowflake Inc. Common Stock,$247.52,1.85,0.753%,83859776000.00,United States,2020,2407565,Technology,Computer Software: Prepackaged Software
SNX,TD SYNNEX Corporation Common Stock,$153.98,-1.02,-0.658%,12539800913.00,United States,2003,511741,Technology,Retail: Computer Software & Peripheral Equipment
SO,Southern Company (The) Common Stock,$97.00,-0.69,-0.706%,106704598479.00,United States,,4582928,Utilities,Electric Utilities: Central
SOJC,Southern Company (The) Series 2017B 5.25% Junior Subordinated Notes due December 1 2077,$23.07,0.08,0.348%,25378093679.00,United States,2017,15936,Utilities,Electric Utilities: Central
SOJD,Southern Company (The) Series 2020A 4.95% Junior Subordinated Notes due January 30 2080,$21.24,-0.01,-0.047%,23365006925.00,United States,2020,75929,Utilities,Electric Utilities: Central
SOJE,Southern Company (The) Series 2020C 4.20% Junior Subordinated Notes due October 15 2060,$18.68,-0.03,-0.16%,20446487967.00,United States,2020,25515,Basic Materials,Metal Mining
SOLV,Solventum Corporation Common Stock,$72.91,0.04,0.055%,12641704352.00,United States,2024,609351,Health Care,Medical/Dental Instruments
SPG,Simon Property Group Inc. Common Stock,$178.72,0.25,0.14%,58350786603.00,United States,,1073328,Real Estate,Real Estate Investment Trusts
SPGI,S&P Global Inc. Common Stock,$483.79,6.20,1.298%,147701087000.00,United States,,1033266,Finance,Finance: Consumer Services
SRE,DBA Sempra Common Stock,$92.29,-0.43,-0.464%,60216680196.00,United States,,2722469,Utilities,Natural Gas Distribution
SREA,DBA Sempra 5.750% Junior Subordinated Notes due 2079,$23.29,0.20,0.866%,14745967429.00,United States,2019,33978,Utilities,Natural Gas Distribution
STE,STERIS plc (Ireland) Ordinary Shares,$242.03,-0.19,-0.078%,23837681370.00,United States,,371197,Health Care,Industrial Specialties
STT,State Street Corporation Common Stock,$114.36,-0.93,-0.807%,32443399311.00,United States,,3134993,Finance,Major Banks
STZ,Constellation Brands Inc. Common Stock,$141.57,0.34,0.241%,24776637978.00,United States,,2424451,Consumer Staples,Beverages (Production/Distribution)
SUI,Sun Communities Inc. Common Stock,$124.74,0.38,0.306%,15611892704.00,United States,1993,546658,Real Estate,Real Estate Investment Trusts
SWK,Stanley Black & Decker Inc. Common Stock,$70.86,1.77,2.562%,10968578622.00,United States,,1746645,Consumer Discretionary,Industrial Machinery/Components
SYF,Synchrony Financial Common Stock,$74.00,1.74,2.408%,27532258552.00,United States,2014,2403828,Finance,Finance: Consumer Services
SYK,Stryker Corporation Common Stock,$379.76,-1.46,-0.383%,145185019488.00,United States,,1062118,Health Care,Medical/Dental Instruments
SYY,Sysco Corporation Common Stock,$79.16,-0.74,-0.926%,37855290180.00,United States,,2680956,Consumer Discretionary,Food Distributors
T,AT&T Inc.,$26.05,-0.05,-0.192%,186267541754.00,United States,,100445653,Telecommunications,Telecommunications Equipment
TBB,AT&T Inc. 5.350% Global Notes due 2066,$23.57,0.04,0.17%,168534585764.00,United States,2017,30126,Telecommunications,Telecommunications Equipment
TDG,Transdigm Group Incorporated Common Stock,$1329.17,27.49,2.112%,74899108313.00,United States,2006,252344,Industrials,Military/Government/Technical
TDY,Teledyne Technologies Incorporated Common Stock,$573.75,1.92,0.336%,26902275728.00,United States,,339940,Industrials,Industrial Machinery/Components
TFC,Truist Financial Corporation Common Stock,$43.83,0.38,0.875%,56515943370.00,United States,,8726479,Finance,Major Banks
TGT,Target Corporation Common Stock,$94.40,2.87,3.136%,42895279571.00,United States,,7770113,Consumer Discretionary,Department/Specialty Retail Stores
THC,Tenet Healthcare Corporation Common Stock,$202.35,0.24,0.119%,17877824850.00,United States,,770835,Health Care,Hospital/Nursing Management
TJX,TJX Companies Inc. (The) Common Stock,$143.91,0.58,0.405%,160163015513.00,United States,,3887067,Consumer Discretionary,Clothing/Shoe/Accessory Stores
TKO,TKO Group Holdings Inc. Class A Common Stock,$186.16,-0.66,-0.353%,36914690466.00,United States,2023,952973,Consumer Discretionary,Services-Misc. Amusement & Recreation
TME,Tencent Music Entertainment Group American Depositary Shares each representing two Class A Ordinary Shares,$22.81,0.07,0.308%,35330511736.00,United States,2018,3756104,Consumer Discretionary,Broadcasting
TMO,Thermo Fisher Scientific Inc Common Stock,$557.99,14.15,2.602%,210703787397.00,United States,,3932375,Industrials,Industrial Machinery/Components
TOL,Toll Brothers Inc. Common Stock,$137.92,2.20,1.621%,13293143360.00,United States,,1269125,Consumer Discretionary,Homebuilding
TOST,Toast Inc. Class A Common Stock,$38.55,0.88,2.336%,22474650000.00,United States,2021,6328113,Technology,EDP Services
TPL,Texas Pacific Land Corporation Common Stock,$928.63,-5.83,-0.624%,21346720543.00,United States,,94478,Energy,Oil & Gas Production
TPR,Tapestry Inc. Common Stock,$117.14,0.80,0.688%,24379601784.00,United States,,2091756,Consumer Discretionary,Apparel
TRGP,Targa Resources Inc. Common Stock,$151.41,0.47,0.311%,32582198311.00,United States,2010,1100552,Utilities,Natural Gas Distribution
TRU,TransUnion Common Stock,$80.94,0.82,1.023%,15767112000.00,United States,2015,3387090,Finance,Finance: Consumer Services
TRV,The Travelers Companies Inc. Common Stock,$269.34,4.09,1.542%,60079900735.00,United States,,1146770,Finance,Property-Casualty Insurers
TSN,Tyson Foods Inc. Common Stock,$52.35,-0.13,-0.248%,18624527409.00,United States,,1754933,Consumer Staples,Meat/Poultry/Fish
TWLO,Twilio Inc. Class A Common Stock,$111.11,2.09,1.917%,17048007963.00,United States,2016,1460757,Technology,Computer Software: Prepackaged Software
TXT,Textron Inc. Common Stock,$83.02,0.62,0.752%,14794603591.00,United States,,1237516,Industrials,Aerospace
TYL,Tyler Technologies Inc. Common Stock,$518.69,8.44,1.654%,22439468229.00,United States,,188390,Technology,Computer Software: Prepackaged Software
U,Unity Software Inc. Common Stock,$36.29,1.02,2.892%,15333174156.00,United States,2020,11984975,Technology,Computer Software: Prepackaged Software
UBER,Uber Technologies Inc. Common Stock,$93.03,-0.67,-0.715%,194006499428.00,United States,2019,10503265,Real Estate,Real Estate
UDR,UDR Inc. Common Stock,$36.59,0.33,0.91%,12123993828.00,United States,,2932422,Real Estate,Real Estate Investment Trusts
UHAL,U-Haul Holding Company Common Stock,$56.21,0.56,1.006%,11021537635.00,United States,2022,103822,Consumer Discretionary,Rental/Leasing Companies
UHS,Universal Health Services Inc. Common Stock,$206.80,-0.44,-0.212%,13160481092.00,United States,,331946,Health Care,Hospital/Nursing Management
UI,Ubiquiti Inc. Common Stock,$720.65,-15.26,-2.074%,43598397523.00,United States,,133759,Technology,Radio And Television Broadcasting And Communications Equipment
ULS,UL Solutions Inc. Class A Common Stock,$76.36,-0.28,-0.365%,15339409692.00,United States,2024,292184,Health Care,Precision Instruments
UNH,UnitedHealth Group Incorporated Common Stock (DE),$365.37,0.89,0.244%,330905972366.00,United States,,6885288,Health Care,Medical Specialities
UNM,Unum Group Common Stock,$76.58,0.88,1.162%,13042587919.00,United States,,963047,Finance,Accident &Health Insurance
UNP,Union Pacific Corporation Common Stock,$226.54,-0.76,-0.334%,134348112096.00,United States,,2727740,Industrials,Railroads
UPS,United Parcel Service Inc. Common Stock,$88.06,1.15,1.323%,74636982675.00,United States,1999,6181487,Industrials,Trucking Freight/Courier Services
URI,United Rentals Inc. Common Stock,$1002.29,2.00,0.20%,64488563398.00,United States,1997,328857,Consumer Discretionary,Diversified Commercial Services
USB,U.S. Bancorp Common Stock,$47.61,0.51,1.083%,74090179857.00,United States,,11278308,Finance,Major Banks
USFD,US Foods Holding Corp. Common Stock,$76.26,-0.01,-0.013%,17171587436.00,United States,2016,1481565,Consumer Discretionary,Food Distributors
V,Visa Inc.,$347.21,2.80,0.813%,673567225710.00,United States,,4121756,Real Estate,Real Estate
VEEV,Veeva Systems Inc. Class A Common Stock,$289.84,3.93,1.375%,47507098488.00,United States,2013,709505,Technology,Computer Software: Prepackaged Software
VG,Venture Global Inc. Class A common stock,$9.61,0.32,3.445%,23332568469.00,United States,2025,9375430,Utilities,Oil/Gas Transmission
VICI,VICI Properties Inc. Common Stock,$31.19,-0.02,-0.064%,33260073376.00,United States,2018,8781994,Real Estate,Real Estate Investment Trusts
VIK,Viking Holdings Ltd Ordinary Shares,$61.34,0.53,0.872%,27170585756.00,United States,2024,1847028,Consumer Discretionary,Marine Transportation
VLO,Valero Energy Corporation Common Stock,$157.69,-2.48,-1.548%,48986673511.00,United States,,1605240,Energy,Integrated oil Companies
VLTO,Veralto Corp Common Stock ,$103.79,-0.19,-0.183%,25756614622.00,United States,2023,1347296,Industrials,Electrical Products
VMC,Vulcan Materials Company (Holding Company) Common Stock,$297.57,2.10,0.711%,39316185696.00,United States,,689337,Industrials,Mining & Quarrying of Nonmetallic Minerals (No Fuels)
VRT,Vertiv Holdings LLC Class A Common Stock,$174.80,-0.93,-0.529%,66750292867.00,United States,2018,8130717,Technology,Industrial Machinery/Components
VST,Vistra Corp. Common Stock,$186.52,-7.72,-3.974%,63196766832.00,United States,,5781710,Utilities,Electric Utilities: Central
VTR,Ventas Inc. Common Stock,$70.24,-1.26,-1.762%,31922056526.00,United States,,2480803,Real Estate,Real Estate Investment Trusts
W,Wayfair Inc. Class A Common Stock,$80.91,-2.22,-2.671%,10490866332.00,United States,2014,2534317,Consumer Discretionary,Catalog/Specialty Distribution
WAB,Westinghouse Air Brake Technologies Corporation Common Stock,$198.00,1.88,0.959%,33848729046.00,United States,,755237,Industrials,Railroads
WAT,Waters Corporation Common Stock,$349.23,6.05,1.763%,20787611920.00,United States,1995,642306,Industrials,Biotechnology: Laboratory Analytical Instruments
WCC,WESCO International Inc. Common Stock,$220.46,1.61,0.736%,10728182149.00,United States,1999,239719,Consumer Discretionary,Telecommunications Equipment
WEC,WEC Energy Group Inc. Common Stock,$116.58,-0.92,-0.783%,37523184329.00,United States,,2243183,Utilities,Power Generation
WELL,Welltower Inc. Common Stock,$175.12,-2.59,-1.457%,117124798963.00,United States,,3450568,Real Estate,Real Estate Investment Trusts
WES,Western Midstream Partners LP Common Units Representing Limited Partner Interests,$37.60,-0.48,-1.261%,14337955510.00,United States,2012,3537967,Utilities,Natural Gas Distribution
WFC,Wells Fargo & Company Common Stock,$84.76,-1.26,-1.465%,271523676875.00,United States,,20101124,Finance,Major Banks
WM,Waste Management Inc. Common Stock,$214.89,-0.51,-0.237%,86564206390.00,United States,,1036282,Utilities,Environmental Services
WMB,Williams Companies Inc. (The) Common Stock,$62.34,-0.72,-1.142%,76128200799.00,United States,,3797623,Utilities,Natural Gas Distribution
WMS,Advanced Drainage Systems Inc. Common Stock,$144.10,1.45,1.016%,11204151101.00,United States,2014,613982,Consumer Discretionary,Containers/Packaging
WMT,Walmart Inc. Common Stock,$106.22,-0.83,-0.775%,846876246179.00,United States,,10899733,Consumer Discretionary,Department/Specialty Retail Stores
WPC,W. P. Carey Inc. REIT,$67.51,-1.17,-1.704%,14784106174.00,United States,,1104799,Real Estate,Real Estate Investment Trusts
WRB,W.R. Berkley Corporation Common Stock,$75.00,1.52,2.069%,28446957975.00,United States,,5517732,Finance,Property-Casualty Insurers
WSM,Williams-Sonoma Inc. Common Stock (DE),$190.91,1.08,0.569%,23250992473.00,United States,,847952,Consumer Discretionary,Home Furnishings
WSO,Watsco Inc. Common Stock,$379.16,0.60,0.158%,15373623073.00,United States,,277585,Consumer Discretionary,Industrial Machinery/Components
WST,West Pharmaceutical Services Inc. Common Stock,$279.39,4.49,1.633%,20090187532.00,United States,,795094,Health Care,Medical/Dental Instruments
WTRG,Essential Utilities Inc. Common Stock,$41.69,-0.24,-0.572%,11692738811.00,United States,,1879444,Utilities,Water Supply
WY,Weyerhaeuser Company Common Stock,$23.71,0.41,1.76%,17107025810.00,United States,,4503372,Real Estate,Real Estate Investment Trusts
XOM,Exxon Mobil Corporation Common Stock,$112.71,0.01,0.009%,480510571737.00,United States,,9202349,Energy,Integrated oil Companies
XPO,XPO Inc. Common Stock,$136.00,2.21,1.652%,16015643288.00,United States,,1103501,Consumer Discretionary,Transportation Services
XYL,Xylem Inc. Common Stock New,$147.19,0.43,0.293%,35827471977.00,United States,2011,812763,Industrials,Fluid Controls
XYZ,Block Inc. Class A Common Stock,$77.73,1.23,1.608%,47382964320.00,United States,2015,4362411,Technology,Computer Software: Prepackaged Software
YUM,Yum! Brands Inc.,$148.53,0.37,0.25%,41222376927.00,United States,,1491803,Consumer Discretionary,Restaurants
YUMC,Yum China Holdings Inc. Common Stock,$45.01,0.15,0.334%,16596004562.00,United States,2016,1284408,Consumer Discretionary,Restaurants
ZBH,Zimmer Biomet Holdings Inc. Common Stock,$102.69,-0.05,-0.049%,20342476597.00,United States,,800955,Health Care,Industrial Specialties
ZTS,Zoetis Inc. Class A Common Stock,$146.09,1.03,0.71%,64744673424.00,United States,2013,2073392,Health Care,Biotechnology: Pharmaceutical Preparations
